title,description,descriptionHTML,summary,summaryHTML,installs,minInstalls,score,ratings,reviews,histogram,price,free,currency,sale,saleTime,originalPrice,saleText,offersIAP,inAppProductPrice,size,androidVersion,androidVersionText,developer,developerId,developerEmail,developerWebsite,developerAddress,privacyPolicy,developerInternalID,genre,genreId,icon,headerImage,screenshots,video,videoImage,contentRating,contentRatingDescription,adSupported,containsAds,released,updated,version,recentChanges,recentChangesHTML,appId,url
Shopee: #1 Online Platform,"*For usage in Singapore only

Shopee is the leading online shopping platform in Southeast Asia and Taiwan that offers convenient and seamless shopping to users that are looking to shop anytime, anywhere. With strong payment and logistical support, Shopee provides all users with an easy, secure and fast online shopping experience. Enjoy 15% Cashback with no minimum spend and Free Shipping on selected orders when you download the Shopee app today!

BUY EVERYTHING ON SHOPEE

•        Shop daily essentials on S-Mart
•        Browse and shop with ease from our comprehensive range of categories, including health & beauty, electronics, fashion, home & living, baby & toys and more
•        Enjoy great savings from our daily Flash Deals
•        Get quality products from official brands on Shopee Mall
•        Earn Shopee Coins on purchases, daily check-in and games to enjoy more savings
•        Explore Daily Discover section for tailored product offerings 

SAFE ONLINE ENVIRONMENT

•        Make informed purchases – Scan through seller's ratings and reviews
•        Risk-free payment - Shopee Guarantee only releases payment upon confirming receipt of order
•        Strong logistics support - Track your orders from payment to delivery via up-to-date shipping information

SEAMLESS CHECKOUT & SECURE PAYMENT METHODS

•        Experience quick and convenient purchase process with our intuitive interface 
•        Transact with your preferred method - pay with bank transfer or credit card

APP HIGHLIGHTS

•        Daily Flash Deals
•        Search by category and brand
•        App-exclusive offers and notifications
•        Personalised product recommendations
•        Customer rating and reviews
•        Earn Shopee Coins with purchase, daily check-in and games
•        Order tracking
•        100% protection with Shopee Guarantee
•        Many more to come

-------------------
Give us a shout-out - we'd love to hear from you!
Visit our WEBSITE: www.shopee.sg
Like us on FACEBOOK: facebook.com/ShopeeSingapore
Follow us on INSTAGRAM : @shopeesingapore","*For usage in Singapore only<br><br>Shopee is the leading online shopping platform in Southeast Asia and Taiwan that offers convenient and seamless shopping to users that are looking to shop anytime, anywhere. With strong payment and logistical support, Shopee provides all users with an easy, secure and fast online shopping experience. Enjoy 15% Cashback with no minimum spend and Free Shipping on selected orders when you download the Shopee app today!<br><br>BUY EVERYTHING ON SHOPEE<br><br>•        Shop daily essentials on S-Mart<br>•        Browse and shop with ease from our comprehensive range of categories, including health &amp; beauty, electronics, fashion, home &amp; living, baby &amp; toys and more<br>•        Enjoy great savings from our daily Flash Deals<br>•        Get quality products from official brands on Shopee Mall<br>•        Earn Shopee Coins on purchases, daily check-in and games to enjoy more savings<br>•        Explore Daily Discover section for tailored product offerings <br><br>SAFE ONLINE ENVIRONMENT<br><br>•        Make informed purchases – Scan through seller&#39;s ratings and reviews<br>•        Risk-free payment - Shopee Guarantee only releases payment upon confirming receipt of order<br>•        Strong logistics support - Track your orders from payment to delivery via up-to-date shipping information<br><br>SEAMLESS CHECKOUT &amp; SECURE PAYMENT METHODS<br><br>•        Experience quick and convenient purchase process with our intuitive interface <br>•        Transact with your preferred method - pay with bank transfer or credit card<br><br>APP HIGHLIGHTS<br><br>•        Daily Flash Deals<br>•        Search by category and brand<br>•        App-exclusive offers and notifications<br>•        Personalised product recommendations<br>•        Customer rating and reviews<br>•        Earn Shopee Coins with purchase, daily check-in and games<br>•        Order tracking<br>•        100% protection with Shopee Guarantee<br>•        Many more to come<br><br>-------------------<br>Give us a shout-out - we&#39;d love to hear from you!<br>Visit our WEBSITE: www.shopee.sg<br>Like us on FACEBOOK: facebook.com/ShopeeSingapore<br>Follow us on INSTAGRAM : @shopeesingapore","#1 Online Shopping Platform
15% Cashback | Free Shipping no min spend",#1 Online Shopping Platform<br>15% Cashback | Free Shipping no min spend,"1,000,000+",1000000,4.7761893,75281,20125,"[1810, 311, 814, 7041, 65305]",0,True,USD,False,,,,False,,97M,4.1,4.1 and up,Shopee,Shopee,help@support.shopee.sg,http://shopee.sg,,http://shopee.sg/privacy/,5551023969753163481,Shopping,SHOPPING,https://lh3.googleusercontent.com/pJ4VkK41CguN_Teu7MiIyfpnCwiRIjdW3-EPxzw4LaQggmvPpDhB7YOrklGPwCIDg_o,https://lh3.googleusercontent.com/R5OVYzp5bHlGSb1hGdlty3Xpb2LNbjItLeTOfuHC3CCUP9izJKeriKWZvRbIj65r3R3n,"['https://lh3.googleusercontent.com/oEa9s49sdRDOWGxV1jqf_YI4t6rISlM9gg6Cn7IVJPOotgo6Ivh4u1ucq-E0oyasuww', 'https://lh3.googleusercontent.com/YF8CJjQem4C1rbJqrtyazEOPf3NsKd6g5eG5NC2aBbcXSAF1Hs-5Rki_yZiBeAJNclM', 'https://lh3.googleusercontent.com/R_VTikjRczN0l7vbyDcAdsy2021cMve7S70p-XjKPLg2UALNg85nOlyetYFaxVTbnjLe', 'https://lh3.googleusercontent.com/JHopiPHVGxhro0FVeuNL6hbWHLtIiLgcQlzdUH3p7ytGEocUdi6UzS5SbFevumIEZ4_2', 'https://lh3.googleusercontent.com/_6Qk608UOOo8MjHv_0E7SK8c2kiayCLqxt1I_J9t9_AhqpGslwuPahx26d9DedTcJdM', 'https://lh3.googleusercontent.com/9A4fPn30Xt2uYqzV_QSEt7iCHRCzK0N2n0SWhOCjnvkOMy5N1QXGYrtN7DGdsSJzFOs', 'https://lh3.googleusercontent.com/Sth2gbLtUjvrV56hawR-_iK9TUomm3rU5Gs14G1GqMPhB1cGXsA-YQ5sUH9_EmIg1oc', 'https://lh3.googleusercontent.com/l49ZvAFf5PRN8jslfREy5OgrZZp2adqKkWI1Rr2CgnjP18LZXpfduuJTq6KgbDlAg2c']",,,Rated for 3+,,,False,"May 24, 2015",1600059737,2.60.11,"Thanks for using Shopee! We’ve fixed some bugs and enhanced the performance of the app.

If you’ve enjoyed shopping on Shopee, please leave us a review. Thanks!","Thanks for using Shopee! We’ve fixed some bugs and enhanced the performance of the app.<br><br>If you’ve enjoyed shopping on Shopee, please leave us a review. Thanks!",com.shopee.sg,https://play.google.com/store/apps/details?id=com.shopee.sg&hl=en&gl=sg
"Carousell: Snap-Sell, Chat-Buy","Carousell is a community marketplace that lets you buy and sell everything from fashion, clothes, accessories, beauty products, furniture, art, books, branded goods, cars, bikes, and antiques to houses. Declutter your closet, room, or home of old stuff by putting them up for sale on Carousell - it's the best place to find a new home for your pre-loved items.

Running out of storage space for new purchases?
★ Create beautiful listings in 30 seconds to sell or shop from a massive online marketplace wherever, whenever.
★ No listing fees, commissions, or extra charges... Its totally free to buy and sell!
★ Customised search with keywords for fast and easy shopping
★ Chat with local and foreign sellers & buyers with a single tap
★ Let go of your preloved and make money, while discovering great deals
★ With Carousell Groups, you can buy and sell in interest groups, neighborhood groups, school groups and more! It’s more trusty and fun to buy and sell in a community that you and fellow members care about!
★ Set up your very own mobile and web e-commerce store quickly and seamlessly – its as easy as posting on Instagram

For Sellers…
★ Offer up your preloved items - free up garage / storage space and make money at the same time
★ Snap, List, Sell: free listings with up to 4 photos to sell your new and used / second-hand items + in-app editing features
★ When listing something for sale, you can post it to multiple Carousell Groups to reach more buyers!
★ Instantly share listings on Facebook Pages, Groups and Timeline, Twitter, and Instagram
★ Raise the bar on your street cred by accumulating positive member feedback from other Carousellers.
★ Earn a verified badge to boost your credibility by connecting via Facebook and verifying your email
★ Beautiful promotional images magically generated based on your Carousell profile that you can share across all your social networks and interact with friends through likes and comments.

For Buyers...
★ Effortless catalog-like browsing for unique items
★ Great variety of second-hand branded goods like designer bags, shoes, makeup and beauty products, to watches and automobiles.
★ Private Chat feature within the app to talk to sellers to buy an item and negotiate on prices, or ask for more images of the product before you make an offer
★ Safe transactions with trusted sellers: Get the lowdown on other users' experiences on any seller by checking out their member feedback
★ Get the best deal or bargain in your neighbourhood or country across over 18 categories
★ Sort items by Nearest, Recent, and Popular, and by Location
★ Personalize your marketplace by following your favourite community members to get updates on new listings

To get the full experience of the app, grant us the following permissions:
• WRITE_EXTERNAL_STORAGE : so we can save used photos on your external storage
• READ_EXTERNAL_STORAGE: so we can upload photos that are saved on your external storage
• ACCESS_COARSE_LOCATION: so we know where you are located to show you nearby listings and tag your own listings to the right location
• ACCESS_FINE_LOCATION: we need your exact location to provide you with a hyperlocal experience
• CAMERA: used to access camera for snapping photos before you can list and sell them!

Carousell is currently supported in Singapore, Hong Kong, Malaysia, Philippines, Indonesia, Taiwan, Australia, New Zealand and Canada.

Also available from Carousell:
CarouBiz - Carousell for Business, a new subscription service
Terms of Use: https://carousell.zendesk.com/hc/en-us/articles/360023894734","Carousell is a community marketplace that lets you buy and sell everything from fashion, clothes, accessories, beauty products, furniture, art, books, branded goods, cars, bikes, and antiques to houses. Declutter your closet, room, or home of old stuff by putting them up for sale on Carousell - it&#39;s the best place to find a new home for your pre-loved items.<br><br>Running out of storage space for new purchases?<br>★ Create beautiful listings in 30 seconds to sell or shop from a massive online marketplace wherever, whenever.<br>★ No listing fees, commissions, or extra charges... Its totally free to buy and sell!<br>★ Customised search with keywords for fast and easy shopping<br>★ Chat with local and foreign sellers &amp; buyers with a single tap<br>★ Let go of your preloved and make money, while discovering great deals<br>★ With Carousell Groups, you can buy and sell in interest groups, neighborhood groups, school groups and more! It’s more trusty and fun to buy and sell in a community that you and fellow members care about!<br>★ Set up your very own mobile and web e-commerce store quickly and seamlessly – its as easy as posting on Instagram<br><br>For Sellers…<br>★ Offer up your preloved items - free up garage / storage space and make money at the same time<br>★ Snap, List, Sell: free listings with up to 4 photos to sell your new and used / second-hand items + in-app editing features<br>★ When listing something for sale, you can post it to multiple Carousell Groups to reach more buyers!<br>★ Instantly share listings on Facebook Pages, Groups and Timeline, Twitter, and Instagram<br>★ Raise the bar on your street cred by accumulating positive member feedback from other Carousellers.<br>★ Earn a verified badge to boost your credibility by connecting via Facebook and verifying your email<br>★ Beautiful promotional images magically generated based on your Carousell profile that you can share across all your social networks and interact with friends through likes and comments.<br><br>For Buyers...<br>★ Effortless catalog-like browsing for unique items<br>★ Great variety of second-hand branded goods like designer bags, shoes, makeup and beauty products, to watches and automobiles.<br>★ Private Chat feature within the app to talk to sellers to buy an item and negotiate on prices, or ask for more images of the product before you make an offer<br>★ Safe transactions with trusted sellers: Get the lowdown on other users&#39; experiences on any seller by checking out their member feedback<br>★ Get the best deal or bargain in your neighbourhood or country across over 18 categories<br>★ Sort items by Nearest, Recent, and Popular, and by Location<br>★ Personalize your marketplace by following your favourite community members to get updates on new listings<br><br>To get the full experience of the app, grant us the following permissions:<br>• WRITE_EXTERNAL_STORAGE : so we can save used photos on your external storage<br>• READ_EXTERNAL_STORAGE: so we can upload photos that are saved on your external storage<br>• ACCESS_COARSE_LOCATION: so we know where you are located to show you nearby listings and tag your own listings to the right location<br>• ACCESS_FINE_LOCATION: we need your exact location to provide you with a hyperlocal experience<br>• CAMERA: used to access camera for snapping photos before you can list and sell them!<br><br>Carousell is currently supported in Singapore, Hong Kong, Malaysia, Philippines, Indonesia, Taiwan, Australia, New Zealand and Canada.<br><br>Also available from Carousell:<br>CarouBiz - Carousell for Business, a new subscription service<br>Terms of Use: https://carousell.zendesk.com/hc/en-us/articles/360023894734","Carousell: Snap to Sell, Chat to Buy. And it's free!","Carousell: Snap to Sell, Chat to Buy. And it&#39;s free!","10,000,000+",10000000,4.542936,186438,70213,"[11879, 2954, 4733, 19366, 147506]",0,True,USD,False,,,,True,$1.48 - $269.98 per item,30M,5.0,5.0 and up,Carousell,Carousell,help@thecarousell.com,https://carousell.com,"23 Rochester Park, #05-01 GSK Asia House, Singapore 139234",https://carousell.com/privacy.html,6722475805624092633,Shopping,SHOPPING,https://lh3.googleusercontent.com/kKAzG4q6hhx6dprYBdzFTsUeZocqwsuTL-dvuotPjHDaP1CdBdS2wO8VeQzTntNIo7-u,https://lh3.googleusercontent.com/YS9WRLiNIBBuPBVYpUkrZ4aR7a0jvDIDhrxB5K5EaIOoEW0p-mLPSK5SPiak1mc_yZ0,"['https://lh3.googleusercontent.com/GAahLkoLaYGV81Der8XsHn1tTugqoSUE9hgiWHrer_FULgrPywB5s4vM1_CqTk7njE6Z', 'https://lh3.googleusercontent.com/XTWP50xhnIfGzWgP2aL17Qxzyb6gCZQxIl8UWf6NZJeGiMoFoACmZW5yhYWd74VXF4Q', 'https://lh3.googleusercontent.com/T54H4MIn7qUvc46iOr_U-kphxRWqc3ttKxd6WJaNQhNzGN17bFIrwEmJqXGQ47KrZLks', 'https://lh3.googleusercontent.com/4Idsticw46jkVxCmczLTEuD8gt4ssI3Uh80uiwJhTtOTBlzWr_dOsFh4fbSCGTRZbwIj', 'https://lh3.googleusercontent.com/BO8YnfP6qI54AIEGXPa_Kr5YKm29XFrp0TPLqYc6MvqKPzMwiPGqVNrZteoxxtLdCA', 'https://lh3.googleusercontent.com/9i6FgHOeCK4Yv6yjUPLyn9EpUQ3fpBFbLjfQjn1w0lVZ0JEKXH2LdSFQccMe-I0rsg']",,,Rated for 12+,Parental Guidance Recommended,True,True,"Jan 15, 2013",1600053888,2.179.753.778,"Every week, we polish the app to help you buy, sell (or give for free!) better. This update includes bug fixes and performance improvements. Update your Carousell app to enjoy the latest improvements our engineers have been working hard on.

Love Carousell? Rate and share us with your family and friends, so we can keep growing our community. Happy Carouselling!","Every week, we polish the app to help you buy, sell (or give for free!) better. This update includes bug fixes and performance improvements. Update your Carousell app to enjoy the latest improvements our engineers have been working hard on.<br><br>Love Carousell? Rate and share us with your family and friends, so we can keep growing our community. Happy Carouselling!",com.thecarousell.Carousell,https://play.google.com/store/apps/details?id=com.thecarousell.Carousell&hl=en&gl=sg
Lazada & RedMart - Online Shopping & Groceries,"Welcome to the brand new Lazada™ mobile app! Join over 140 million shoppers on Lazada™ for the best online shopping experience on mobile. Download and shop now to discover the best of Lazada™ everyday with:
<strong><u>Shop the Best Deals Online at Lazada</u></strong>
Countless of deals and discounts can be explored daily on your favorite online shopping destination. View a range of affordable and high-quality items offered by trusted brands and sellers. Shop for your daily essentials without leaving your homes as you can stock up on your supplies by just browsing through the Lazada website or app. Orders are delivered to your doorstep, giving you peace of mind and saving you time.
<strong><u>Lazada™ NEW USER BENEFITS</u></strong>
★Get $5 off first order
<strong><u>DAILY FLASH SALES & VOUCHERS</u></strong>
Save more with exclusive app-only offers, promo codes, and discounts at the best prices, updated every day. Get updated with the upcoming sales and campaigns, featuring the top brands and flagship official LazMall stores online.
<strong><u>PERSONALIZED RECOMMENDATIONS</u></strong>
Enjoy shopping at ease with products, categories and your favorite brands tailored to your interests and lifestyle, delivered right to your doorstep.
<strong><u>OFFICIAL STORES DESTINATION</u></strong>
Shop a diverse range of world’s leading brands right at your fingertips, including Samsung, Dyson, Xiaomi, Huawei, Adidas, Estee Lauder, Shiseido, Laneige, Pampers and many more.
<strong><u>BUYER GUARANTEE</u></strong>
Check out genuine product reviews, view seller ratings, and interact with sellers directly! To request a refund, just follow our easy returns policy.
<strong><u>RedMart™ at Lazada™</u></strong>
RedMart™, Singapore’s leading online supermarket shopping app. Our online grocery store brings the freshest quality groceries and household essentials at the best prices to customers in Singapore.
Be spoilt for choice when you shop at RedMart™, Singapore’s go-to online grocer. RedMart™ carefully sources from around the world to bring you thousands of quality & fresh food items such as meat and seafood, dairy products, baked goods and snacks, beers and wines, fruits and vegetables, herbs and spices, chilled desserts, ready meals and a lot more!
<strong><u>RedMart™ NEW USER BENEFITS</u></strong>
★Get $60 off first 4 orders
* Price Match Promise
We are committed to bringing you the best prices, providing a price match on more than 1,000 essential items.
* Trusted Quality
From the selection of the freshest produce to our customer service, we bring you quality you can trust.
* Widest selection
We carry an assortment of more than 80,000 items, represent 1,000 local sellers, and import directly from 15 countries. Our products range from pantry staples to personal care, baby products, and more.
<strong><u>App Highlights:</u></strong>
*App-Exclusive Notifications for Daily Offers, Deals, & Discounts
*Personalized Recommendations of Products, Categories, & Brands
*Full-scale Search Filters by Category, Brand, Price, Rating, Color, and More
*Customer Ratings & Reviews
*Q&A for Direct Customer – Seller Interaction
*Order Tracking
*Fast Shipping
*Log-in via Facebook and Google
*Sharing via Facebook, Twitter, Google+ and more

<strong> <big>***Trusted Online Shopping Destination in Southeast Asia!***</big> </strong>
<strong><u>Countries supported:</u></strong>
Indonesia, Malaysia, Philippines, Singapore, Thailand, and Vietnam.
--------
*DISCLAIMER*
Recently, we’ve been notified of several cases where our app is promoted fraudulently by some third-party advertisers, usually in the form of site redirection, fake vouchers and games. These types of ads are being promoted without our consent and we strictly condemn this type of behavior.
If you encounter any of these issues, please help us and copy the page URL found and report it to help@lazada.com with subject AAV so that we can put an end to this.","Welcome to the brand new Lazada™ mobile app! Join over 140 million shoppers on Lazada™ for the best online shopping experience on mobile. Download and shop now to discover the best of Lazada™ everyday with:<br><strong><u>Shop the Best Deals Online at Lazada</u></strong><br>Countless of deals and discounts can be explored daily on your favorite online shopping destination. View a range of affordable and high-quality items offered by trusted brands and sellers. Shop for your daily essentials without leaving your homes as you can stock up on your supplies by just browsing through the Lazada website or app. Orders are delivered to your doorstep, giving you peace of mind and saving you time.<br><strong><u>Lazada™ NEW USER BENEFITS</u></strong><br>★Get $5 off first order<br><strong><u>DAILY FLASH SALES &amp; VOUCHERS</u></strong><br>Save more with exclusive app-only offers, promo codes, and discounts at the best prices, updated every day. Get updated with the upcoming sales and campaigns, featuring the top brands and flagship official LazMall stores online.<br><strong><u>PERSONALIZED RECOMMENDATIONS</u></strong><br>Enjoy shopping at ease with products, categories and your favorite brands tailored to your interests and lifestyle, delivered right to your doorstep.<br><strong><u>OFFICIAL STORES DESTINATION</u></strong><br>Shop a diverse range of world’s leading brands right at your fingertips, including Samsung, Dyson, Xiaomi, Huawei, Adidas, Estee Lauder, Shiseido, Laneige, Pampers and many more.<br><strong><u>BUYER GUARANTEE</u></strong><br>Check out genuine product reviews, view seller ratings, and interact with sellers directly! To request a refund, just follow our easy returns policy.<br><strong><u>RedMart™ at Lazada™</u></strong><br>RedMart™, Singapore’s leading online supermarket shopping app. Our online grocery store brings the freshest quality groceries and household essentials at the best prices to customers in Singapore.<br>Be spoilt for choice when you shop at RedMart™, Singapore’s go-to online grocer. RedMart™ carefully sources from around the world to bring you thousands of quality &amp; fresh food items such as meat and seafood, dairy products, baked goods and snacks, beers and wines, fruits and vegetables, herbs and spices, chilled desserts, ready meals and a lot more!<br><strong><u>RedMart™ NEW USER BENEFITS</u></strong><br>★Get $60 off first 4 orders<br>* Price Match Promise<br>We are committed to bringing you the best prices, providing a price match on more than 1,000 essential items.<br>* Trusted Quality<br>From the selection of the freshest produce to our customer service, we bring you quality you can trust.<br>* Widest selection<br>We carry an assortment of more than 80,000 items, represent 1,000 local sellers, and import directly from 15 countries. Our products range from pantry staples to personal care, baby products, and more.<br><strong><u>App Highlights:</u></strong><br>*App-Exclusive Notifications for Daily Offers, Deals, &amp; Discounts<br>*Personalized Recommendations of Products, Categories, &amp; Brands<br>*Full-scale Search Filters by Category, Brand, Price, Rating, Color, and More<br>*Customer Ratings &amp; Reviews<br>*Q&amp;A for Direct Customer – Seller Interaction<br>*Order Tracking<br>*Fast Shipping<br>*Log-in via Facebook and Google<br>*Sharing via Facebook, Twitter, Google+ and more<br><br><strong> <big>***Trusted Online Shopping Destination in Southeast Asia!***</big> </strong><br><strong><u>Countries supported:</u></strong><br>Indonesia, Malaysia, Philippines, Singapore, Thailand, and Vietnam.<br>--------<br>*DISCLAIMER*<br>Recently, we’ve been notified of several cases where our app is promoted fraudulently by some third-party advertisers, usually in the form of site redirection, fake vouchers and games. These types of ads are being promoted without our consent and we strictly condemn this type of behavior.<br>If you encounter any of these issues, please help us and copy the page URL found and report it to help@lazada.com with subject AAV so that we can put an end to this.",Shop Countless Deals Online at Lazada Singapore!,Shop Countless Deals Online at Lazada Singapore!,"100,000,000+",100000000,4.441479,7051435,2646815,"[538060, 117453, 314151, 805470, 5276301]",0,True,USD,False,,,,False,,84M,4.4,4.4 and up,Lazada Mobile,6910719627384765267,help@lazada.com,http://www.lazada.com,,https://www.lazada.com.ph/privacy-policy/,6910719627384765267,Shopping,SHOPPING,https://lh3.googleusercontent.com/ErKLQm9CpoqEcTCiOnWSalkNy5EWYUVnK7F5suB6QZTx_B9omWM9bXDo9F7AEqo3g8Hq,https://lh3.googleusercontent.com/5xjvfTHdRVvZShnE_U1DAfk-4Ibavgg40-JChmiw_bVGQ8n7JkU_dXiczvZ5yxRr5A,"['https://lh3.googleusercontent.com/sGtHjsoZajtTF9telgQOft_NrMe3NMksmiYI2nIvXggusbfohuJ1ymLcrTzjndTMiJI', 'https://lh3.googleusercontent.com/6181OFW0npxrbU5Qzmmi2bR6f1E97plu9k6IkZBmGdO3xJKekVNuDK94rcQd-ybOoZQ', 'https://lh3.googleusercontent.com/PGCh5hQYeUEGG8DK8AqXzLpPwW2kbbVjxc45es3joIwcUhl6FoWM8wuhgc6O2o8_agOd', 'https://lh3.googleusercontent.com/3Jqfr0BlmSvC9wUPXCcvX12KEyPgA6qMf4aQ-JLTLiqgInYVdRQmbbFVpjSBqwj5TpQ', 'https://lh3.googleusercontent.com/HCNkq6lxrp4zyjhmqnl1IfjkKOttImyptgp0pl-ysScu9wYQdD_ypbG_DSWAC11iodhQ', 'https://lh3.googleusercontent.com/PESIRz0lPLTfvwBVPmbxyl3P0wx7cj853oUqAc6jbpdgOOpb8P1CIBskMJxC6_DrBw', 'https://lh3.googleusercontent.com/LMYrFlrwnyaxeR8Gile6zvXpwnfQkLdvUqbJWTpF3gcqubdBsdLfykNBUYauk1Bj9m3t', 'https://lh3.googleusercontent.com/ayfOvQ3nWJfaHwRwS1pbso-A13DM9ZTDUWXqHzWhXh_rGC8qeMgqo3NoRW2_TtfPwNs', 'https://lh3.googleusercontent.com/3uvvwbvUJkJZnlOEot7FIm3NypWIgQjGqXqlrJTh3fPAwqSaOy1k3lU3TQHDycN1sw', 'https://lh3.googleusercontent.com/DF8ncNHGMuW8Ylp_2bcAQ0vnTmCCPOEBTAIXKWs7hD4XDvHWqiIhtgpSOeWJsuFSEAlm', 'https://lh3.googleusercontent.com/bwInNn0-hGUfuVTWY2L7-wl8fCJ8A2zW9SGRyg_ADWFzYGO0sxKKDKd7My23hjuHQsQ7', 'https://lh3.googleusercontent.com/Cg6oSpnAe8_dCH4LY-31yGbYHdwSpDl3xrLyI_4YzPJSt5aFui4sLPPoRKLKDeIABlE', 'https://lh3.googleusercontent.com/itp94PziKXjuev6a1DvOqsgkpPSlxYAfqrUTVcOTFX9vu8C-fDhK5lI9UdcAJPHSAexY', 'https://lh3.googleusercontent.com/eqLs44WxOtV0cr56Cy71foSSCraRSVoZ4i5r6TMAAmcl0t6Ib9_Yu8URI92VVYP416o', 'https://lh3.googleusercontent.com/Fg0NL7bfdsrB9s5MDMAtHuABmJ0Go7jMyLdUtcMbve6rwOFO7ld482drLuV_kWdR-qg', 'https://lh3.googleusercontent.com/2yQNfT9BrBHZIJZ9jVANaKP2W4dVWDsl_YYjtpqbx-ZjNSOCcWpI8muVjgvhTyD4Ug', 'https://lh3.googleusercontent.com/t4CVl8_WzStTpoEyWJPTzIz1BdfP90y9wwEUPnGeGOGBhF9U00x3rR2PAjNOuXxdTec', 'https://lh3.googleusercontent.com/X_7QXF2HIb269wUMEksK7bvQyhGHN5ih3NhyyTZl5z0mCmtfwLYv5OEPJiUoG8RaM_HE']",,,Rated for 3+,,,False,"Jun 8, 2013",1600176475,6.52.0,"Thanks for using LAZADA! We've enhanced the performance of the app for a more enjoyable shopping experience.
Access Phone Book to choose designated mobile number.",Thanks for using LAZADA! We&#39;ve enhanced the performance of the app for a more enjoyable shopping experience.<br>Access Phone Book to choose designated mobile number.,com.lazada.android,https://play.google.com/store/apps/details?id=com.lazada.android&hl=en&gl=sg
"AliExpress - Smarter Shopping, Better Living","Ever wanted to shop everything in one place, at one time? We’ve created just the app for you! With thousands of brands and millions of items at an incredible value, AliExpress is the go-to app for those in the know. 

Shop what’s new & now from home to health, tech to toys and sports to shoes (plus the hottest fashion around) every day. And, let’s not forget all our deals! From flash & super deals to coupons and more, you can get the best items at the best prices in a swipe.

There are countless reasons to love shopping on the AliExpress app but here are some of our favorites:

• Millions of trendy and unique items
• Easy Search – So you can find what you want quickly
• Image Search - Find what you're looking for easily and quickly using images. Take a picture of the item you want or upload a photo to find an exact match or items similar to what you're looking for.   
• Coupons, discounts, flash & super deals so you’ll always get the best price
• Free shipping on over 75% of our items
• Order management & automatic shipment notifications
• Buyer Protection on all your purchases
• Secure online payments
• Personalized feeds, with items picked especially for you

Language Support
We’re global, so our app is too! We support English, Spanish, Portuguese, Russian, Turkish, Bahasa Indonesian, Thai, Italian, German, French, Hebrew, Korean, Polish, Dutch, Arabic, Vietnamese, Japanese and Ukrainian.

Currency Support
Our app currently supports 8 different currencies for payment (Euros, US Dollars, Canadian Dollars, Australian Dollars, Japanese Yen, British Sterling, Russian Rubles and Swedish Krona), plus another 6 currencies for browsing (Brazilian Real, Indian Rupee, Ukrainian Hryvnia, Indonesia Rupiah, Mexican Peso and Turkish Lira).

Tell Us What You Think
Like us? Love us? Can't get enough of the AliExpress app? Let us know! We'd love to hear your thoughts. Plus, if you see any areas for improvement while using our app, tell us that, too! We take all feedback seriously and use it for constant improvement. Drop us a line in the app by tapping ""More"" then ""App Suggestion"".","Ever wanted to shop everything in one place, at one time? We’ve created just the app for you! With thousands of brands and millions of items at an incredible value, AliExpress is the go-to app for those in the know. <br><br>Shop what’s new &amp; now from home to health, tech to toys and sports to shoes (plus the hottest fashion around) every day. And, let’s not forget all our deals! From flash &amp; super deals to coupons and more, you can get the best items at the best prices in a swipe.<br><br>There are countless reasons to love shopping on the AliExpress app but here are some of our favorites:<br><br>• Millions of trendy and unique items<br>• Easy Search – So you can find what you want quickly<br>• Image Search - Find what you&#39;re looking for easily and quickly using images. Take a picture of the item you want or upload a photo to find an exact match or items similar to what you&#39;re looking for.   <br>• Coupons, discounts, flash &amp; super deals so you’ll always get the best price<br>• Free shipping on over 75% of our items<br>• Order management &amp; automatic shipment notifications<br>• Buyer Protection on all your purchases<br>• Secure online payments<br>• Personalized feeds, with items picked especially for you<br><br>Language Support<br>We’re global, so our app is too! We support English, Spanish, Portuguese, Russian, Turkish, Bahasa Indonesian, Thai, Italian, German, French, Hebrew, Korean, Polish, Dutch, Arabic, Vietnamese, Japanese and Ukrainian.<br><br>Currency Support<br>Our app currently supports 8 different currencies for payment (Euros, US Dollars, Canadian Dollars, Australian Dollars, Japanese Yen, British Sterling, Russian Rubles and Swedish Krona), plus another 6 currencies for browsing (Brazilian Real, Indian Rupee, Ukrainian Hryvnia, Indonesia Rupiah, Mexican Peso and Turkish Lira).<br><br>Tell Us What You Think<br>Like us? Love us? Can&#39;t get enough of the AliExpress app? Let us know! We&#39;d love to hear your thoughts. Plus, if you see any areas for improvement while using our app, tell us that, too! We take all feedback seriously and use it for constant improvement. Drop us a line in the app by tapping &quot;More&quot; then &quot;App Suggestion&quot;.","AliExpress - Smarter Shopping, Better Living","AliExpress - Smarter Shopping, Better Living","100,000,000+",100000000,4.509242,10217530,3144111,"[653003, 138211, 329484, 1328718, 7768114]",0,True,USD,False,,,,False,,107M,5.0,5.0 and up,Alibaba Mobile,Alibaba+Mobile,developer.android@aliexpress.com,https://aliexpress.com,"NO.699 WANGSHANG ROAD,BINJIANG DISTRICT,HANGZHOU,ZHEJIANG,CHINA",https://sell.aliexpress.com/ru/__pc/Zj6CxW2d6V.htm,9012787561007564553,Shopping,SHOPPING,https://lh3.googleusercontent.com/8XePOjdAbTm12TJ4Cu3-DnQxT7kG-ptsu6yqXMusO5nbCs1s9GeVPwDMqMAMi4rxTYSV,https://lh3.googleusercontent.com/unYpNM-pRoy5wJ2CZtXLGVGZ_CG1X-Hq_TJiA-E7t8tkjD8lOYqi8Z3Uz2Zq01tcrw,"['https://lh3.googleusercontent.com/AOq2UdMgLSznITmd9UOmKUeYPwhAtV0S4tD8rJiyZshLvEj-wS4Lq27C3CU2Py_GjP4d', 'https://lh3.googleusercontent.com/CATcJHNIecwBePYiEp9W_YqumYqCNN_Y_yhJLfD0DatMLffQYR-NmE098_ZUh0pEukM', 'https://lh3.googleusercontent.com/-MqAhauD3Khzp-9kpe78By-x3lhyJ0P3nf0ePbK2XL2fr5ywk30UzGqO7Gdhe9Nmkw', 'https://lh3.googleusercontent.com/GI0xabMmJehWfrm4kPf0TMML8NXLsvxItikXIDq6GUxBmcK7SFSBP7XBCzF2pJAXYA', 'https://lh3.googleusercontent.com/dIbcPe-i6i1p_uLbUke0i67ujtHJnzVz5bg-Si0dKxnPcesBgZ9T3BbtdMhYZT24nkY', 'https://lh3.googleusercontent.com/N6OXk2KL_MBjzp0rWouiQa0UD0Twc4yA32kY6Ra1VXl0ys2tt3qWXTDRdLl0pGLdmg', 'https://lh3.googleusercontent.com/rHY6bKXk5ZN_fWuC_l0E-lbpk-WnwTAzS0TMX4mXKuKB8B0ruFH5yxOILd7NPsY3ghFJ', 'https://lh3.googleusercontent.com/cyPLMXr_tjp2uX3euYZZiYp7DV2PsbpB7x-7Lk9H1PCjETSvkRWPmSoahXyVSsD9c0I', 'https://lh3.googleusercontent.com/b0HMqb4Pf16fqlYcoA6DCMbUmPhsJ8ZM1aYiK-gKIC3njxZ1qoVhDzPcNREjZAcjSA', 'https://lh3.googleusercontent.com/F-WrdV-O--sRixOw_kGWWK1XVobctMf77Rh-ePRtn0kNnNKcglHYnzBuMXDq41LjbQ', 'https://lh3.googleusercontent.com/VqYSQvAr8VPTWvs1JaU7saFHk_NKkPhsEV2jCifnAU8lva7SyTN136Zu8boiABWQjg', 'https://lh3.googleusercontent.com/kMAcmJPCZFP84-zrmM8mITvUpsEqGasC2f1rSOhkjelLqK8SiFS891__s-oUSCsv-WwB', 'https://lh3.googleusercontent.com/RvzsWxw-sDc1y9Iu68TCE4wihMYfMSbOjDWFzjkYCrYLNEeRujdLDY-qT1DodLaq5Q', 'https://lh3.googleusercontent.com/tl6W2jQ-3saEzGf78X7BIpdBs9cMT5W6C1fY8dO4Nbvt2_FpwnJ6mgaZJiuu3i-mhtVH']",,,Rated for 12+,Parental Guidance Recommended,,False,"Sep 27, 2012",1600157563,8.16.0,"We're always looking for ways to further optimize our app. Key updates in the latest version of AliExpress app includes:

- Bug fixes to improve user experience
- Performance enhancements so you can shop easily 

Don't forget, all new users will also enjoy special newcomer deals or gifts! 

Loved shopping with AliExpress? Leave us a review! Happy shopping!","We&#39;re always looking for ways to further optimize our app. Key updates in the latest version of AliExpress app includes:<br><br>- Bug fixes to improve user experience<br>- Performance enhancements so you can shop easily <br><br>Don&#39;t forget, all new users will also enjoy special newcomer deals or gifts! <br><br>Loved shopping with AliExpress? Leave us a review! Happy shopping!",com.alibaba.aliexpresshd,https://play.google.com/store/apps/details?id=com.alibaba.aliexpresshd&hl=en&gl=sg
eBay: Discover great deals on the brands you love,"Buy, sell and save with the eBay app! Shop deals - or list items you want to sell - in just a few seconds, straight from your phone. 

From home essentials and garden furniture to tech, sneakers, fitness equipment, and more, get the best deals every time with eBay.

Whether you’re looking for great outdoor furniture or exploring summer deals on fashion - we’ve got huge savings on millions of items. 

Download now to start exploring unmissable deals.

Come on in and take a look!

Buy and sell on the go - 5 reasons you’ll love the eBay app:
→ Save money with shopping deals at your fingertips
→ DIY, clothes, fitness, tech, home essentials: Do all your shopping online
→ Buy certified refurb in electronics, tech and phones
→ Sell items with ease: Simply scan the barcode & list
→ Image cleanup: Remove the background of your photos for clearer images
→ Used cars & parts: Buy and sell safely & securely
→ Dyson, Adidas, Yeezy, Nike, Samsung & more - find all your favorite brands


Buy and sell securely with your favorite shopping app. Browse millions of listings and find clothes, trading cards, certified refurbished tech, cars, watches, on-trend Adidas sneakers or powerful Dyson vacuums.

SUMMER DEALS

• Browse summer deals on fashion, camping and hiking, outdoor cooking and so much more
• From fire pits to grills, portable speakers and garden tools - we have what you need for a perfect summer 


HOME & GARDEN

• Save money on garden furniture, home office setup and kitchen appliances
• Shop for DIY tools & supplies for your garden, kids outdoor toys and so much more


SPORTS & FITNESS

• Browse golf equipment and fashion - explore clubs, fashion, accessories & more
• Buy the latest shoes, running gear & fitness tech from leading sports brands


TECH and ELECTRONICS

• Save money on top brands like Google, Apple or Samsung
• Buy your next TV, laptop or mobile phone in just a few steps

SELL IN SECONDS - MAKE MONEY ON THE GO

• Clothes, sneakers, cars, toys, tech - you can sell almost anything with eBay
• Get your listing online in under a minute!

FASHION & ACCESSORIES

• Shop for the freshest trends for women, men and kids from top brands like Adidas, Levis, GAP, Yeezy, Nike, Michael Kors, Champions  & more
• Discover shopping savings on clothes, fitness wear, shoes, watches & accessories

USED CARS & AUTO PARTS

• Sell your used car or auto parts in just a few steps
• Shop for vehicles, car parts, accessories & more

Take the eBay marketplace with you wherever you are. Discover shopping deals and savings, shop the best brands at amazing prices or bid on an auction on the go. And if you want to sell items easily and in no time at all, we have the right tools and platform for you. 

Just download to your phone or mobile device now!

KEEP IN TOUCH

Your feedback & suggestions are really important to us. Get in touch on Twitter @askebay or
https://www.ebay.com/android","Buy, sell and save with the eBay app! Shop deals - or list items you want to sell - in just a few seconds, straight from your phone. <br><br>From home essentials and garden furniture to tech, sneakers, fitness equipment, and more, get the best deals every time with eBay.<br><br>Whether you’re looking for great outdoor furniture or exploring summer deals on fashion - we’ve got huge savings on millions of items. <br><br>Download now to start exploring unmissable deals.<br><br>Come on in and take a look!<br><br>Buy and sell on the go - 5 reasons you’ll love the eBay app:<br>→ Save money with shopping deals at your fingertips<br>→ DIY, clothes, fitness, tech, home essentials: Do all your shopping online<br>→ Buy certified refurb in electronics, tech and phones<br>→ Sell items with ease: Simply scan the barcode &amp; list<br>→ Image cleanup: Remove the background of your photos for clearer images<br>→ Used cars &amp; parts: Buy and sell safely &amp; securely<br>→ Dyson, Adidas, Yeezy, Nike, Samsung &amp; more - find all your favorite brands<br><br><br>Buy and sell securely with your favorite shopping app. Browse millions of listings and find clothes, trading cards, certified refurbished tech, cars, watches, on-trend Adidas sneakers or powerful Dyson vacuums.<br><br>SUMMER DEALS<br><br>• Browse summer deals on fashion, camping and hiking, outdoor cooking and so much more<br>• From fire pits to grills, portable speakers and garden tools - we have what you need for a perfect summer <br><br><br>HOME &amp; GARDEN<br><br>• Save money on garden furniture, home office setup and kitchen appliances<br>• Shop for DIY tools &amp; supplies for your garden, kids outdoor toys and so much more<br><br><br>SPORTS &amp; FITNESS<br><br>• Browse golf equipment and fashion - explore clubs, fashion, accessories &amp; more<br>• Buy the latest shoes, running gear &amp; fitness tech from leading sports brands<br><br><br>TECH and ELECTRONICS<br><br>• Save money on top brands like Google, Apple or Samsung<br>• Buy your next TV, laptop or mobile phone in just a few steps<br><br>SELL IN SECONDS - MAKE MONEY ON THE GO<br><br>• Clothes, sneakers, cars, toys, tech - you can sell almost anything with eBay<br>• Get your listing online in under a minute!<br><br>FASHION &amp; ACCESSORIES<br><br>• Shop for the freshest trends for women, men and kids from top brands like Adidas, Levis, GAP, Yeezy, Nike, Michael Kors, Champions  &amp; more<br>• Discover shopping savings on clothes, fitness wear, shoes, watches &amp; accessories<br><br>USED CARS &amp; AUTO PARTS<br><br>• Sell your used car or auto parts in just a few steps<br>• Shop for vehicles, car parts, accessories &amp; more<br><br>Take the eBay marketplace with you wherever you are. Discover shopping deals and savings, shop the best brands at amazing prices or bid on an auction on the go. And if you want to sell items easily and in no time at all, we have the right tools and platform for you. <br><br>Just download to your phone or mobile device now!<br><br>KEEP IN TOUCH<br><br>Your feedback &amp; suggestions are really important to us. Get in touch on Twitter @askebay or<br>https://www.ebay.com/android",Buy and sell on the world’s largest marketplace. Browse deals or list items now.,Buy and sell on the world’s largest marketplace. Browse deals or list items now.,"100,000,000+",100000000,4.716624,3436915,1263982,"[86546, 25200, 70302, 411550, 2843317]",0,True,USD,False,,,,False,,Varies with device,Varies,Varies with device,eBay Mobile,6005619443614255030,androidhelp@ebay.com,http://www.ebay.com,,http://ebay.to/1ur6UQ4,6005619443614255030,Shopping,SHOPPING,https://lh3.googleusercontent.com/31-mJUIynIfQBizOn-w1yWLKHBxVeRKA3gz348_E3K-TnuEaqCjn_-Fr9j0yQ6i0y5E,https://lh3.googleusercontent.com/srf_q2AuURRhXEUU7c9eo5qPgCLUjjqnLEmS_JfPOBiEpQVvrXm1Ws8qjs-oovWfAg,"['https://lh3.googleusercontent.com/Yg7gEuTZnv0VHO8W98DqtJOsMlcwaNGNLMpNAaaHMOYOK7av1KPv0bcpPBToumSbE7pD', 'https://lh3.googleusercontent.com/4Org0mf7pO-ZUfXYM1Nyx7e2HJE_q0_e39sy_OkMalmc-QBPtufDKh9qWzIvnff3QA', 'https://lh3.googleusercontent.com/9f5Fsqkd_SDZuk32KBLYcWmyO6Xwm9xBgupw6r7FTz1vRwa2QUk4PKIG5KyZJMrlWe4', 'https://lh3.googleusercontent.com/q6ZzIkPiVWM37PgaGOhfKrZcJCIclc_3lvRqKRoQN6a9_Fus985WAUjq3K7U71fgwA', 'https://lh3.googleusercontent.com/qNH2GEoWLhKxHYtb8D5V_kEAW4bVFK954ugvh4VVXGfTCvYBG2aS5rmCE7rWlq3obg', 'https://lh3.googleusercontent.com/Fk7AQKMwX3opmEjbNipoVT8-4pH-ZX7ZZ-RS3eCZGFMyORPTSkBUK2khI_4_DyFGyUg', 'https://lh3.googleusercontent.com/Y_yvsFFlv_HJ-4leVgun-bbEvDVOEA7lEktFIPzISaWUvqFSoGP0hyLSRxaF9ma91U0']",,,Rated for 12+,Parental Guidance Recommended,True,True,"Feb 17, 2010",1599781634,Varies with device,"Tap “lockable filters” in the “customize” section of the search filter to save your search settings.
Tap “theme” in settings to control the dark or light theme.
Watchlist will now refresh when you remove items

Your feedback is important to us. Please contact us by tweeting @askebay or visiting www.ebay.com/android",Tap “lockable filters” in the “customize” section of the search filter to save your search settings.<br>Tap “theme” in settings to control the dark or light theme.<br>Watchlist will now refresh when you remove items<br><br>Your feedback is important to us. Please contact us by tweeting @askebay or visiting www.ebay.com/android,com.ebay.mobile,https://play.google.com/store/apps/details?id=com.ebay.mobile&hl=en&gl=sg
"Amazon Shopping - Search, Find, Ship, and Save","Product Features

* Customers are able to shop millions of products on any of Amazon's sites around the world from a single app
*Use Alexa to help you shop—just use your voice to search for products on Amazon, track your orders, and reorder your favorite items. Tap the microphone icon and say “where’s my stuff?” to access open orders. Reorder products by saying “reorder paper towels” or “buy more batteries”.
* Take advantage of 1-Click ordering, customer support, Wish Lists, create or find a baby or wedding registry, order tracking, and more
* Scan product barcodes and images to compare prices and check availability using Scan It
* Check out Gold Box Deals - including the Deal of the Day and Lightning Deals, and get automatically notified when new deals become available
* Send and share links to products via email, SMS, Facebook, Twitter, and more
* Sign-up for automatic shipment notifications to know when your order ships and arrives
* Buy with confidence, knowing that all transactions are securely processed


Product Description

The Amazon Shopping app lets you shop millions of products and manage your Amazon orders from anywhere. Browse, shop by department, compare prices, read reviews, share products with friends, and check the status of your orders.
Compare prices and availability by typing in your search, scanning a barcode or an image with your camera, or using your voice. Never miss a deal with easy access to Lightning Deals and the Deal of the Day. You can also sign-up for shipment notifications to know when your order ships and arrives. You have full access to your Shopping Cart, Wish Lists, payment and Prime shipping options, Subscribe & Save order history, and 1-Click settings, just like on the full Amazon.com site. All Amazon Shopping app purchases are routed through Amazon's secure servers to encrypt and safeguard your personal information.


Important Note Regarding Permissions
Please note that the Amazon Shopping app requires access to the following services to operate properly:
* Contacts: Allows you to send Amazon gift cards to your contacts or invitation to install the Amazon app.
* Camera: Allows the Amazon app to access your camera on the device. You can use your camera to find products by scanning the cover or its barcode, to add gift cards and credit cards, or to add pictures in the product reviews.
* Flashlight: Allows the Amazon app to turn on the flashlight. You can use the flashlight to find products with the camera feature even in low-light or dark conditions.
* Microphone: Allows the Amazon app to access your microphone to use your voice to search and interact with your Assistant.
* Location: Allows the Amazon app to access your location to help you discover local offers and select addresses fast.
* Account: Allows you to share products on Amazon with your friends and families through Facebook or other social networks.
* Phone: Allows the Amazon app to pre-populate the Amazon Customer Service number on your phone’s keypad.
* Storage: Allows the Amazon app to store your preferences so that some features can load and run faster on the device.
* Wi-Fi: This permissions is used when setting up either a Dash Button or Dash Wand using the Amazon Shopping app.

OS Requirements: Requires Android OS 5.0 or higher and a rear-facing camera. The Amazon App for Tablets is available on Google Play. Search for ""Amazon Tablet"" to install the app and begin shopping.","Product Features<br><br>* Customers are able to shop millions of products on any of Amazon&#39;s sites around the world from a single app<br>*Use Alexa to help you shop—just use your voice to search for products on Amazon, track your orders, and reorder your favorite items. Tap the microphone icon and say “where’s my stuff?” to access open orders. Reorder products by saying “reorder paper towels” or “buy more batteries”.<br>* Take advantage of 1-Click ordering, customer support, Wish Lists, create or find a baby or wedding registry, order tracking, and more<br>* Scan product barcodes and images to compare prices and check availability using Scan It<br>* Check out Gold Box Deals - including the Deal of the Day and Lightning Deals, and get automatically notified when new deals become available<br>* Send and share links to products via email, SMS, Facebook, Twitter, and more<br>* Sign-up for automatic shipment notifications to know when your order ships and arrives<br>* Buy with confidence, knowing that all transactions are securely processed<br><br><br>Product Description<br><br>The Amazon Shopping app lets you shop millions of products and manage your Amazon orders from anywhere. Browse, shop by department, compare prices, read reviews, share products with friends, and check the status of your orders.<br>Compare prices and availability by typing in your search, scanning a barcode or an image with your camera, or using your voice. Never miss a deal with easy access to Lightning Deals and the Deal of the Day. You can also sign-up for shipment notifications to know when your order ships and arrives. You have full access to your Shopping Cart, Wish Lists, payment and Prime shipping options, Subscribe &amp; Save order history, and 1-Click settings, just like on the full Amazon.com site. All Amazon Shopping app purchases are routed through Amazon&#39;s secure servers to encrypt and safeguard your personal information.<br><br><br>Important Note Regarding Permissions<br>Please note that the Amazon Shopping app requires access to the following services to operate properly:<br>* Contacts: Allows you to send Amazon gift cards to your contacts or invitation to install the Amazon app.<br>* Camera: Allows the Amazon app to access your camera on the device. You can use your camera to find products by scanning the cover or its barcode, to add gift cards and credit cards, or to add pictures in the product reviews.<br>* Flashlight: Allows the Amazon app to turn on the flashlight. You can use the flashlight to find products with the camera feature even in low-light or dark conditions.<br>* Microphone: Allows the Amazon app to access your microphone to use your voice to search and interact with your Assistant.<br>* Location: Allows the Amazon app to access your location to help you discover local offers and select addresses fast.<br>* Account: Allows you to share products on Amazon with your friends and families through Facebook or other social networks.<br>* Phone: Allows the Amazon app to pre-populate the Amazon Customer Service number on your phone’s keypad.<br>* Storage: Allows the Amazon app to store your preferences so that some features can load and run faster on the device.<br>* Wi-Fi: This permissions is used when setting up either a Dash Button or Dash Wand using the Amazon Shopping app.<br><br>OS Requirements: Requires Android OS 5.0 or higher and a rear-facing camera. The Amazon App for Tablets is available on Google Play. Search for &quot;Amazon Tablet&quot; to install the app and begin shopping.","Browse, search & buy millions of products right from your Android device.","Browse, search &amp; buy millions of products right from your Android device.","100,000,000+",100000000,4.0797005,1502533,415380,"[208766, 53832, 95082, 196054, 948799]",0,True,USD,False,,,,False,,Varies with device,5.0,5.0 and up,Amazon Mobile LLC,Amazon+Mobile+LLC,feedback-amazon-app-android@amazon.com,https://www.amazon.com,"Amazon Mobile LLC
500 9th Avenue N,
Seattle, WA 98109",https://www.amazon.com/gp/help/customer/display.html?ie=UTF8&nodeId=468496,7432261109829829372,Shopping,SHOPPING,https://lh3.googleusercontent.com/hgY6vh39bAeGCT4-wwycXZT1oL8Ko7zL97DlcqVGXy7HrB_yjb_hkQ599yZzCx0Trg,https://play-lh.googleusercontent.com/G7jAks-PRl4d7IkL-s3Ir44nGyPq0Yh872N5UMwZYIJz4wG1Oj0DqoQjsAR5ddKZbQ,"['https://lh3.googleusercontent.com/R7sNh0IuAG65Dj8N0qCcQHhQtusXyhF_Eh75cKrNIONeP8MSBws7vgSGjo64Vlg6fax3', 'https://lh3.googleusercontent.com/m2I4izHDng5PW1OuJoXfR6qYtuJJ04b4_PXZguM7J12etKb9bHWI2XOvuK16U9SwqVA', 'https://lh3.googleusercontent.com/x_j8jaFska7iB6ylOFoEHWd9L_cPfZw4hFV5b7cYwl-4GPe5H2-Ih0iEkGp8X6Q2CQ', 'https://lh3.googleusercontent.com/B6icTxOYNflKzLVw9iMpARu7ACHGyUr9ny-AkWDY9j3fTYESoqjxCgF-ggYthabPvs0', 'https://lh3.googleusercontent.com/V55BSCxHBCInqcSpwLDbNas5kthVMkoI_KWV2y165vtD3cLwVEKATZILgz6ezVwBHRk', 'https://lh3.googleusercontent.com/i3MC7p4vhEKdEsthlp9mdmAvADNp6eN2H_rhJwIHj-JwuzcpmnL6Yq0f0WabgxXzEms', 'https://lh3.googleusercontent.com/MArSefCrsXe_Pi0hki9lPe__iMk810Z6XV2zeM1V_wH-1svM6GHd5p5buaMEJuz6H_40', 'https://lh3.googleusercontent.com/GrC7UjzEPg1AYuZH_qkzmmBIa6nDgUgV7RdGeDkVbVPfhvXIMBZoVf4J05zCUAAuJQ']",https://www.youtube.com/embed/NaVdJsW8yMw?ps=play&vq=large&rel=0&autohide=1&showinfo=0,https://i.ytimg.com/vi/NaVdJsW8yMw/hqdefault.jpg,Rated for 12+,Parental Guidance Recommended,True,True,"Dec 10, 2014",1599678078,20.18.0.100,AmazonSmile customers can now generate donations for their favorite charity. Just open Settings from the menu and tap AmazonSmile.,AmazonSmile customers can now generate donations for their favorite charity. Just open Settings from the menu and tap AmazonSmile.,com.amazon.mShop.android.shopping,https://play.google.com/store/apps/details?id=com.amazon.mShop.android.shopping&hl=en&gl=sg
ASOS,"Here’s the situation: fresh pieces dropping daily, exclusive ranges you can't get anywhere else and new brands being added all the time – plus free delivery and returns. Wherever and whoever you are, exploring your style never felt so good.

With the ASOS app for Android, you can: 

- FIND & SAVE WHAT YOU WANT 
You can still shop every piece you'll find on ASOS. Search by type, size, brand, price and color, or browse and buy our trend and occasion edits. Plus, your Saved Items and Shopping Bag sync between your devices, too – genius.

- ENJOY SUPER-EASY CHECKOUT 
Add a new credit card with our camera card scanner (#techy) for our quickest checkout ever. 

- GET HANDY SALE ALERTS 
Our push notifications can alert you as soon as sales start and remind you when they're ending, so you’ll never miss a bargain. Sweet!

- SHARE YOUR PICKS 
In two minds? Seen something your bestie would like? Involve your friends via WhatsApp, Twitter, Facebook, Pinterest, Google+ and email.

- SEE THE CLOTHES ON THE CATWALK
Check out the fit and cut – our signature catwalk videos for clothes, shoes and accessories are also in the app. 
Order on the app for deliveries to 242 countries worldwide including Denmark, Netherlands, Singapore and Sweden. We’re always improving and genuinely love hearing your feedback, so email us at androiddev@asos.com or follow us on Twitter @ASOS_Heretohelp

Beta it! Want to help us test out our newest, coolest app features? Become a beta tester: https://goo.gl/aHs7zy","Here’s the situation: fresh pieces dropping daily, exclusive ranges you can&#39;t get anywhere else and new brands being added all the time – plus free delivery and returns. Wherever and whoever you are, exploring your style never felt so good.<br><br>With the ASOS app for Android, you can: <br><br>- FIND &amp; SAVE WHAT YOU WANT <br>You can still shop every piece you&#39;ll find on ASOS. Search by type, size, brand, price and color, or browse and buy our trend and occasion edits. Plus, your Saved Items and Shopping Bag sync between your devices, too – genius.<br><br>- ENJOY SUPER-EASY CHECKOUT <br>Add a new credit card with our camera card scanner (#techy) for our quickest checkout ever. <br><br>- GET HANDY SALE ALERTS <br>Our push notifications can alert you as soon as sales start and remind you when they&#39;re ending, so you’ll never miss a bargain. Sweet!<br><br>- SHARE YOUR PICKS <br>In two minds? Seen something your bestie would like? Involve your friends via WhatsApp, Twitter, Facebook, Pinterest, Google+ and email.<br><br>- SEE THE CLOTHES ON THE CATWALK<br>Check out the fit and cut – our signature catwalk videos for clothes, shoes and accessories are also in the app. <br>Order on the app for deliveries to 242 countries worldwide including Denmark, Netherlands, Singapore and Sweden. We’re always improving and genuinely love hearing your feedback, so email us at androiddev@asos.com or follow us on Twitter @ASOS_Heretohelp<br><br>Beta it! Want to help us test out our newest, coolest app features? Become a beta tester: https://goo.gl/aHs7zy","Shop 850+brands, latest trends & new in, get your daily fashion fix on our app.","Shop 850+brands, latest trends &amp; new in, get your daily fashion fix on our app.","10,000,000+",10000000,4.734638,378682,131789,"[9829, 2356, 6770, 40560, 319167]",0,True,USD,False,,,,False,,35M,5.0,5.0 and up,ASOS,ASOS,androiddev@asos.com,http://www.asos.com,"ASOS.com Ltd, Greater London House, Hampstead Road, London, NW1 7FB",http://www.asos.com/infopages/pgeprivacy.aspx,9171675857388311569,Shopping,SHOPPING,https://lh3.googleusercontent.com/JixlJRjgBSML-SIan7dzcNlim1n7AMIKCzTOOEpKhFxDV89ScdtW4cReCPHyGGd-0Q,https://lh3.googleusercontent.com/6zlRdjaz9XWvbywzvyctdRFFIwSUBmnkvsd3wLJ8w3X-u5auwtZSl418Vb8VPTIZqkEA,"['https://lh3.googleusercontent.com/osX9MexhHBYYqt0p7DBCcEDdz8a_ndGxRHqW7DNaOrHINBTl4vXOO86gLbkPXxxPS5ef', 'https://lh3.googleusercontent.com/KL477OaM_5t3E6mwo3GNf8eQHxnZByCjp7EEJae-rj4wwFYUiYCw78yxDcWFRHB9xi6T', 'https://lh3.googleusercontent.com/BKoFyygvF685y890q8o29FtwVo8zx-j7S0a4csR7J3zi48BuI-vw1xGNPlRHvp7keaY', 'https://lh3.googleusercontent.com/M_Bz_g7btFXRxt7zLFnNvKCnV6CkBhZoU9JkI3mDITj3UcqNDhFNYuH_t2QDM6N59b4', 'https://lh3.googleusercontent.com/DYKR3wJL7-1iNDFHrOo-4Gn_VWkmNzIEgsL2n6LHB7J_zkEz8meM0siguWCa1snJPEgs', 'https://lh3.googleusercontent.com/j1i6C8tf2mo6Jkx4ANLoXf15mpMnoaGH-Y66iNzG6Ci-8rD-pwNcLUNjgTUhpdbNSAU', 'https://lh3.googleusercontent.com/KwInexNj2D2iGdmj9OnQh0aXC2GrWoBchp-OKZyjHNOFXR-5h-anRKj5LBE7EBMWKBk', 'https://lh3.googleusercontent.com/YcxPPptf6MP7deVj8IEZQJQiU__Oi1Ry-6lFS9p_rm_rbg31_7sOiJdEvrlFBraipHs', 'https://lh3.googleusercontent.com/ijCI7kYAkxsZIeOlkIUXYQWyndTqLK4QydimQRgTpROwwPuuy3Ffn52bFB3MEKS1v_k', 'https://lh3.googleusercontent.com/lSBLdVO_Tks_8NV4aszv6a5uXl8_RbETMYXVzLUpA1LiTrB7CcqSjwYJfg3_kk_gRo4', 'https://lh3.googleusercontent.com/BBvhiT6lCoAGQbtTl8THExAJGvd2tGocPQKu69wXg_PxH8asYph2tF_AZJB9B45duZY', 'https://lh3.googleusercontent.com/kt2UMiJSIloZwKCiDXZQY7tQx5Ap016rfy3mHHGN16-jTYBGUy-y1w_Zj5TI4rRcRztX', 'https://lh3.googleusercontent.com/Q0otLKNxZKpGvzSMhBv0fGrQARhqMhRXJvSqoC0jxwR_UpDlrXZDEU0bpkbXZj93aAA', 'https://lh3.googleusercontent.com/xgOuNSbvqymhEqAJ1m5iI_98aPaOhjzzvoWKy1NjHlUfGhOeRbkps4kmAX2_3hVdb_M', 'https://lh3.googleusercontent.com/qLeAcDbsAfiDALfZRZUDmsuKynIeLxvcv6Dzx2VjskJLE8BhXqe6_vISYw_pvxYxmw0']",https://www.youtube.com/embed/58d1dcYv7HE?ps=play&vq=large&rel=0&autohide=1&showinfo=0,https://i.ytimg.com/vi/58d1dcYv7HE/hqdefault.jpg,Rated for 3+,,,False,"Oct 8, 2013",1600160248,4.35.1,"Dark Mode just got smarter! It will now use your phone setting.

Softer on your eyes + kinder on your battery = win-win.",Dark Mode just got smarter! It will now use your phone setting.<br><br>Softer on your eyes + kinder on your battery = win-win.,com.asos.app,https://play.google.com/store/apps/details?id=com.asos.app&hl=en&gl=sg
Wish - Shopping Made Fun,"Style doesn’t have to be expensive.
Wish is a mobile shopping app that lets you shop over 100 million high-quality items at 60-90% off!

HOW IS WISH SO AFFORDABLE?
Wish connects shoppers directly to over 100 million manufacturers, so shoppers can find affordable goods. There’s no middle man, so prices are lower and the quality is the same as what you’d get at the mall.

BUY WITH CONFIDENCE
We take your security seriously and process your purchases securely.

JOIN 500+ MILLION USERS
Over 500+ million people use Wish to shop affordable goods. So skip the shopping mall and find lower prices on Wish.

REVIEWS, VIDEOS & PHOTOS
Read through customer reviews, view photos, and watch videos of their purchases to find the best deals. 

TRACKING
Track your purchases.

CUSTOMER SUPPORT
If you have questions about your order, reach our customer service easily through the app. Our customer service responds quickly.

30-DAY RETURN POLICY
Plus, if it’s not perfect, we have a 30-day return policy.

SAVE ON BRANDS
We now offer brands at affordable prices on Wish Outlet. Find discounted Apple, Samsonite, Burberry, Coach, Michael Kors, Ray Ban, Fossil, Guess, Tommy Hilfiger, Champion, Sperry and more!

5-7 DAY SHIPPING
Get faster shipping with Wish Express! Items with the Wish Express truck icon arrive at your door in 5-7 days.

SAVE BIGGER
Spin Blitz Buy to win more savings. When you spin Blitz Buy, you win access to extra discounts.

EARN REWARDS
Collect points with each purchase and redeem them for reward coupons.

60-90% OFF THESE CATEGORIES
Find discounts on trendy fashion, shoes, gadgets, kitchen tools, home goods, kids items, beauty, jewelry, watches, accessories, and more.

SKIP THE MALL, SHOP ON YOUR PHONE FOR....
Trendy womens fashion: dresses, jackets, bottoms, tops, sweaters, athleisure, swimwear, lingerie...

Quality mens fashion: jackets, sweaters, jeans, shirts, button-up tops, workout wear, underwear...

Accessories: hats, socks, scarves, belts, jewelry, watches, gym bags, travel bags, purses, backpacks...

Electronics: fitness trackers, cameras, drones, phone cases, battery packs, headphones, gadgets...

Beauty: brushes, skincare, perfume, lipstick, eyeshadow, foundation...

Shoes: sneakers, running shoes, boots, sandals, heels...

Home Goods: kitchen tools, cookware, knives, trendy home decor, lights, sheets, furniture...

Kids: clothes, toys, school supplies, baby gear...

Sports: exercise gear, weights, soccer, basketball, mens workout clothes, women’s athleisure...

Auto: organizers, cleaners, phone chargers...

WISH and the W logo are trademarks of ContextLogic Inc., registered in the U.S. Patent and Trademark Office and in other countries. All rights reserved.","Style doesn’t have to be expensive.<br>Wish is a mobile shopping app that lets you shop over 100 million high-quality items at 60-90% off!<br><br>HOW IS WISH SO AFFORDABLE?<br>Wish connects shoppers directly to over 100 million manufacturers, so shoppers can find affordable goods. There’s no middle man, so prices are lower and the quality is the same as what you’d get at the mall.<br><br>BUY WITH CONFIDENCE<br>We take your security seriously and process your purchases securely.<br><br>JOIN 500+ MILLION USERS<br>Over 500+ million people use Wish to shop affordable goods. So skip the shopping mall and find lower prices on Wish.<br><br>REVIEWS, VIDEOS &amp; PHOTOS<br>Read through customer reviews, view photos, and watch videos of their purchases to find the best deals. <br><br>TRACKING<br>Track your purchases.<br><br>CUSTOMER SUPPORT<br>If you have questions about your order, reach our customer service easily through the app. Our customer service responds quickly.<br><br>30-DAY RETURN POLICY<br>Plus, if it’s not perfect, we have a 30-day return policy.<br><br>SAVE ON BRANDS<br>We now offer brands at affordable prices on Wish Outlet. Find discounted Apple, Samsonite, Burberry, Coach, Michael Kors, Ray Ban, Fossil, Guess, Tommy Hilfiger, Champion, Sperry and more!<br><br>5-7 DAY SHIPPING<br>Get faster shipping with Wish Express! Items with the Wish Express truck icon arrive at your door in 5-7 days.<br><br>SAVE BIGGER<br>Spin Blitz Buy to win more savings. When you spin Blitz Buy, you win access to extra discounts.<br><br>EARN REWARDS<br>Collect points with each purchase and redeem them for reward coupons.<br><br>60-90% OFF THESE CATEGORIES<br>Find discounts on trendy fashion, shoes, gadgets, kitchen tools, home goods, kids items, beauty, jewelry, watches, accessories, and more.<br><br>SKIP THE MALL, SHOP ON YOUR PHONE FOR....<br>Trendy womens fashion: dresses, jackets, bottoms, tops, sweaters, athleisure, swimwear, lingerie...<br><br>Quality mens fashion: jackets, sweaters, jeans, shirts, button-up tops, workout wear, underwear...<br><br>Accessories: hats, socks, scarves, belts, jewelry, watches, gym bags, travel bags, purses, backpacks...<br><br>Electronics: fitness trackers, cameras, drones, phone cases, battery packs, headphones, gadgets...<br><br>Beauty: brushes, skincare, perfume, lipstick, eyeshadow, foundation...<br><br>Shoes: sneakers, running shoes, boots, sandals, heels...<br><br>Home Goods: kitchen tools, cookware, knives, trendy home decor, lights, sheets, furniture...<br><br>Kids: clothes, toys, school supplies, baby gear...<br><br>Sports: exercise gear, weights, soccer, basketball, mens workout clothes, women’s athleisure...<br><br>Auto: organizers, cleaners, phone chargers...<br><br>WISH and the W logo are trademarks of ContextLogic Inc., registered in the U.S. Patent and Trademark Office and in other countries. All rights reserved.",Make money while you shop.,Make money while you shop.,"500,000,000+",500000000,4.2870693,10179808,4205170,"[1039782, 210423, 483851, 1499396, 6946356]",0,True,USD,False,,,,False,,24M,5.0,5.0 and up,Wish Inc.,Wish+Inc.,support@wish.com,http://www.wish.com,,http://www.wish.com/privacy_policy,5800453230919202144,Shopping,SHOPPING,https://lh3.googleusercontent.com/1-_4wZwWQamie-D5ZbbleBeaZGt4jpV1ib_Q1OiRrM7TuUUyOJv3asr827NIdX8zfP0,https://lh3.googleusercontent.com/b1NJpb8Hgli1xwdGccOA_51chCmqfwBY_9LAb-8AYXaDtslcdZC-kZMo-oByMhmOe5fO,"['https://lh3.googleusercontent.com/tDTvFuw4bqm4KQ3eGbFy5IOxwd1rY60KJKzSWVeFJV1zlwRwWqX_tyhkLlsVpTfYg7FN', 'https://lh3.googleusercontent.com/JmwKGyIhh1yWayFGi2OTaCpaQVFPJr_ZAgHXf4NVO5GKzkZLO77Dg5OvsCoOw_QYz4s', 'https://lh3.googleusercontent.com/AFaP1SOCqXlclNOjQ20kgICYK-GZUKXgW5VkiFi9nvULwBMZAF21Ep888uJn5moxrwA', 'https://lh3.googleusercontent.com/X3MtUnyMOygejrYZayDEvZx08RGUYHnuqUNgylsChagKEg4fw_O8WSdR-8SjKSe8Jfpa', 'https://lh3.googleusercontent.com/tDsRRrGQji2FbIEyCMN3_kwylFXSJPrfzMjokqeLmCXOKPbtTTWzSmmxn-p-vFTJ5uo', 'https://lh3.googleusercontent.com/yqzhPJvbrsfM1EEa3wDrx_XN_Zj6se6Y3shirMMLKF_PbP35xnfsvEAQTDiobkyNDQ', 'https://lh3.googleusercontent.com/2JPgG_aQdF4EssCrcBdWlFOsJaOeqEB7LwNMHNC-pYpl_0vG1kJoddrpjrENgSKR9gg']",,,Rated for 12+,Parental Guidance Recommended,,False,"Jul 26, 2012",1599804320,4.41.7,New features and improvements.,New features and improvements.,com.contextlogic.wish,https://play.google.com/store/apps/details?id=com.contextlogic.wish&hl=en&gl=sg
